id,firstName,lastName,email,gender,contactNo,country,dob,age
1,Dud,Ishak,dishak0@alexa.com,Male,970-613-2617,Ukraine,24-06-2012,22
2,Jolyn,Bragg,jbragg1@go.com,Genderqueer,614-319-7266,United States,18-09-2003,29
3,Sallie,Gaw,sgaw2@mit.edu,Female,997-395-9270,France,12-05-1994,35
4,Belle,De Biasi,bdebiasi3@ucla.edu,Female,592-563-0424,Democratic Republic of the Congo,08-04-2001,Gnanendra
5,Bing,Filov,bfilov4@engadget.com,Male,343-984-1150,Indonesia,19-10-1992,18
6,West,Douberday,wdouberday5@mozilla.org,Male,615-444-4318,Brazil,24-05-1990,10
7,Marion,Northridge,mnorthridge6@newsvine.com,Female,149-504-2848,Dominican Republic,01-04-2020,Prasad
8,Hillary,Whittle,hwhittle7@free.fr,Non-binary,800-103-2454,China,09-05-1993,48
9,Standford,Semour,ssemour8@live.com,Genderqueer,442-441-9317,Indonesia,24-10-2010,25
10,Babs,Orridge,borridge9@exblog.jp,Female,654-596-4163,Netherlands,04-08-1999,35
11,Arliene,Dunnett,adunnetta@microsoft.com,Female,799-950-8349,China,10-08-1999,42
12,Anabal,Bick,abickb@icq.com,Female,100-307-6924,Ukraine,20-06-2009,28
13,Thelma,Hoodlass,thoodlassc@ucsd.edu,Female,627-566-6711,China,16-11-2012,22
14,Othello,Sperrett,osperrettd@feedburner.com,Male,326-887-9247,France,28-11-1990,Gnaad
15,Kristal,Herche,kherchee@cbslocal.com,Female,928-973-7589,China,12-11-2016,28
16,Archibaldo,Goldberg,agoldbergf@ted.com,Male,733-212-0386,Brazil,27-04-2012,24
17,Traver,Sutheran,tsutherang@wired.com,Male,231-864-6056,Bosnia and Herzegovina,30-12-1994,65
18,Noelani,Baggally,nbaggallyh@discuz.net,Female,641-445-0261,Brazil,22-02-2015,75
19,Maye,Peetermann,mpeetermanni@rambler.ru,Female,222-435-3367,Bulgaria,19-01-2011,28
20,Barbara,Coleyshaw,bcoleyshawj@unc.edu,Agender,415-111-0479,Ecuador,13-11-2005,true